{
  "pdf_file": "pdf/A0124_pages_1_to_4.pdf",
  "analysis_date": "2025-11-26T15:17:46.101027",
  "fields": [
    {
      "field_korean": "성명",
      "field_english": "Name",
      "label": {
        "x0": 51.27,
        "x1": 71.27000000000001,
        "y0": 173.53999999999996,
        "y1": 183.53999999999996
      },
      "input_box": {
        "x0": 42.7,
        "x1": 135.36,
        "y0": 209.5200000000001,
        "y1": 225.07000000000005,
        "width": 92.66000000000001,
        "height": 15.549999999999955
      },
      "recommended_offset_y": 36.0,
      "strategy": "below"
    },
    {
      "field_korean": "주민등록번호",
      "field_english": "ID Number",
      "label": {
        "x0": 150.72,
        "x1": 206.4,
        "y0": 173.53999999999996,
        "y1": 183.53999999999996
      },
      "input_box": {
        "x0": 171.5,
        "x1": 554.11,
        "y0": 190.57999999999993,
        "y1": 225.42999999999995,
        "width": 382.61,
        "height": 34.85000000000002
      },
      "recommended_offset_y": 17.0,
      "strategy": "below"
    },
    {
      "field_korean": "연락처",
      "field_english": "Contact",
      "label": {
        "x0": 372.54,
        "x1": 401.46000000000004,
        "y0": 173.53999999999996,
        "y1": 183.53999999999996
      },
      "input_box": {
        "x0": 171.5,
        "x1": 554.11,
        "y0": 190.57999999999993,
        "y1": 225.42999999999995,
        "width": 382.61,
        "height": 34.85000000000002
      },
      "recommended_offset_y": 17.0,
      "strategy": "below"
    },
    {
      "field_korean": "주소",
      "field_english": "Address",
      "label": {
        "x0": 51.27,
        "x1": 71.27000000000001,
        "y0": 295.4,
        "y1": 305.4
      },
      "input_box": {
        "x0": 79.13,
        "x1": 362.59,
        "y0": 277.63,
        "y1": 320.76,
        "width": 283.46,
        "height": 43.129999999999995
      },
      "recommended_offset_y": -17.8,
      "strategy": "to the right"
    }
  ]
}